item_title,item_picture,item_link,item_brand,item_color,item_price,item_description,item_size,item_views,item_location,item_date_added,item_followers,query
Barbour Vintage A220 Westmorland cerato,"['https://images1.vinted.net/t/02_0039c_EMvJe2hf1fEV7CqGGGqGXJ5Q/f800/1682589953.jpeg?s=65380d76e737e872ab17b8059c0287297267ba24', 'https://images1.vinted.net/t/01_02336_TTF5e7fSRpJaqWsSj4iAQDuJ/f800/1682589953.jpeg?s=8058b32c08db6289a34330b5e41c6f982716d0e5', 'https://images1.vinted.net/t/03_018f9_C4CagRLhESRJixGrXFwBkLjX/f800/1682589953.jpeg?s=64da136bd92db0a46bd4574237784aa5ba3df0a0', 'https://images1.vinted.net/t/02_00355_ZBfGv6RgZsXnWTfbaLhpxThG/f800/1682589953.jpeg?s=994dac2b7a87931d7ebf00448b7719cf5c9e8311', 'https://images1.vinted.net/t/01_017d4_9qaRx8Uf7XrHR7mpDS85wEMG/f800/1682589953.jpeg?s=a840d1cc8a8efc09cbd8df4a67447490901ef825', 'https://images1.vinted.net/t/02_0039c_EMvJe2hf1fEV7CqGGGqGXJ5Q/f800/1682589953.jpeg?s=65380d76e737e872ab17b8059c0287297267ba24', 'https://images1.vinted.net/t/01_02336_TTF5e7fSRpJaqWsSj4iAQDuJ/f800/1682589953.jpeg?s=8058b32c08db6289a34330b5e41c6f982716d0e5', 'https://images1.vinted.net/t/03_018f9_C4CagRLhESRJixGrXFwBkLjX/f800/1682589953.jpeg?s=64da136bd92db0a46bd4574237784aa5ba3df0a0', 'https://images1.vinted.net/t/02_00355_ZBfGv6RgZsXnWTfbaLhpxThG/f800/1682589953.jpeg?s=994dac2b7a87931d7ebf00448b7719cf5c9e8311', 'https://images1.vinted.net/t/01_017d4_9qaRx8Uf7XrHR7mpDS85wEMG/f800/1682589953.jpeg?s=a840d1cc8a8efc09cbd8df4a67447490901ef825']",https://www.vinted.fr/uomo/vestiti/abbigliamento-da-esterno/gilet/2951714434-barbour-vintage-a220-westmorland-cerato,BARBOUR,VERT FONC√â,"165,00 ‚Ç¨","Barbour Vintage A220 Westmorland cerato. La taglia e le condizioni perfette aumentano il grado di rarit√† dell‚Äôarticolo. 
Giacca proveniente dalla mia collezione.

Colore: olive green
Taglia: S
Condizioni perfette, come nuovo.

üöõSpedisco entro 24h","S
SIZE INFORMATION",391,"GUIDONIA MONTECELIO, ITALIE",27/04/2023 12:05:53,1 UTILISATEUR,search_text=barbour
Barbour Classic Beaufort Coat size M,"['https://images1.vinted.net/t/01_0144e_6H6po8v8nS6Lu6RNzN6RKRyV/f800/1682603279.jpeg?s=be11d8fbb5173125ef0179422dbd8930397c0242', 'https://images1.vinted.net/t/02_01ed6_owMskB8uWrKK28VMi6qai3wH/f800/1682603279.jpeg?s=309b7ac6db507d43f5769b8bdf885757f19155dc', 'https://images1.vinted.net/t/02_00262_dXgmDoyd8K349nGqPgAMjpmA/f800/1682603279.jpeg?s=826a6c19870854a90d7c8e52843d1901dee72d03', 'https://images1.vinted.net/t/02_0197d_HEmMgAM1FQLfRPwuhawEDWRf/f800/1682603279.jpeg?s=de2932c5d9e5fe1c16c414fcf15daeb476254e0c', 'https://images1.vinted.net/t/01_0083b_TfbPDNMKWW95BwC4qGQTniop/f800/1682603279.jpeg?s=b281a103244fccac80ec0b47320886fd1765252c', 'https://images1.vinted.net/t/01_0144e_6H6po8v8nS6Lu6RNzN6RKRyV/f800/1682603279.jpeg?s=be11d8fbb5173125ef0179422dbd8930397c0242', 'https://images1.vinted.net/t/02_01ed6_owMskB8uWrKK28VMi6qai3wH/f800/1682603279.jpeg?s=309b7ac6db507d43f5769b8bdf885757f19155dc', 'https://images1.vinted.net/t/02_00262_dXgmDoyd8K349nGqPgAMjpmA/f800/1682603279.jpeg?s=826a6c19870854a90d7c8e52843d1901dee72d03', 'https://images1.vinted.net/t/02_0197d_HEmMgAM1FQLfRPwuhawEDWRf/f800/1682603279.jpeg?s=de2932c5d9e5fe1c16c414fcf15daeb476254e0c', 'https://images1.vinted.net/t/01_0083b_TfbPDNMKWW95BwC4qGQTniop/f800/1682603279.jpeg?s=b281a103244fccac80ec0b47320886fd1765252c']",https://www.vinted.fr/heren/kleding/buitenkleding/jassen/overjassen-en-lange-jassen/2952588119-barbour-classic-beaufort-coat-size-m,BARBOUR,VERT,"170,00 ‚Ç¨","Wax coat in Olive by Barbour
Beaufort Coat
Size Medium
Condition 8/10","M
SIZE INFORMATION",126,PAYS-BAS,27/04/2023 15:47:59,1 UTILISATEUR,search_text=barbour
Barbour Dom Quilted Blue Medium,"['https://images1.vinted.net/t/01_00e05_r3Lrf9B6FM9uAorokm6PiW7t/f800/1681662257.jpeg?s=b1cf7328624c442d5e1dcec50bd0b4561004c3b5', 'https://images1.vinted.net/t/03_0195c_4eVMmy415FnZ4wNMM7KRdM1S/f800/1681662257.jpeg?s=0c5bb10587526a8ce61b32652acae7c264bf72c5', 'https://images1.vinted.net/t/01_00404_GRgeVeq5XFjyx7vttEvGULS5/f800/1681662257.jpeg?s=eefa241c8f14bf37a8e3710185c331f568d04403', 'https://images1.vinted.net/t/01_01daa_gmGNbX7zFsVG25V56yEQvwK8/f800/1681662257.jpeg?s=542bfff1c778c1590c404b6a16014b47f4c55242', 'https://images1.vinted.net/t/01_00e05_r3Lrf9B6FM9uAorokm6PiW7t/f800/1681662257.jpeg?s=b1cf7328624c442d5e1dcec50bd0b4561004c3b5', 'https://images1.vinted.net/t/03_0195c_4eVMmy415FnZ4wNMM7KRdM1S/f800/1681662257.jpeg?s=0c5bb10587526a8ce61b32652acae7c264bf72c5', 'https://images1.vinted.net/t/01_00404_GRgeVeq5XFjyx7vttEvGULS5/f800/1681662257.jpeg?s=eefa241c8f14bf37a8e3710185c331f568d04403', 'https://images1.vinted.net/t/01_01daa_gmGNbX7zFsVG25V56yEQvwK8/f800/1681662257.jpeg?s=542bfff1c778c1590c404b6a16014b47f4c55242']",https://www.vinted.fr/heren/kleding/buitenkleding/jacks/quilted-jassen/2911629624-barbour-dom-quilted-blue-medium,BARBOUR,"BLEU, MARINE","130,00 ‚Ç¨","Beautiful Brand new Barbour Quilted Jacket!

Brand: Barbour
Model: Quilted Jacket
Color: Blue
Size: M
Boutique Price: ‚Ç¨255
Condition: Brand new with tags","M
SIZE INFORMATION",611,PAYS-BAS,16/04/2023 18:24:17,8 UTILISATEURS,search_text=barbour
Barbour bedale verde,"['https://images1.vinted.net/t/01_01505_Bi3BRispBdBq8mqUNmvXcodb/f800/1682674195.jpeg?s=5e976c61b2d22a69b22e28b6fe169c6ee1c92555', 'https://images1.vinted.net/t/01_021d0_h1myhEnqMfEsJBEAKpdPLwPy/f800/1682674195.jpeg?s=d02af9e0facc87d9b6e5fbfadd013f6ab921716b', 'https://images1.vinted.net/t/03_01b33_j7PLieXTTAusdSPDnKo5Yco1/f800/1682674195.jpeg?s=c8d54373833eec3c0d3f461611ad713350a010e1', 'https://images1.vinted.net/t/03_025d4_1Xe3USMdC3rZNGX2dxa3vVkz/f800/1682674195.jpeg?s=c96cb47c55c1a6f6784868a6cc7609300e87b318', 'https://images1.vinted.net/t/03_00046_hzt16Gw3DxzhLCZYhKY2tTqk/f800/1682674195.jpeg?s=017f09ded15a18de83e8dcb43aa685d02dbef90b', 'https://images1.vinted.net/t/01_01505_Bi3BRispBdBq8mqUNmvXcodb/f800/1682674195.jpeg?s=5e976c61b2d22a69b22e28b6fe169c6ee1c92555', 'https://images1.vinted.net/t/01_021d0_h1myhEnqMfEsJBEAKpdPLwPy/f800/1682674195.jpeg?s=d02af9e0facc87d9b6e5fbfadd013f6ab921716b', 'https://images1.vinted.net/t/03_01b33_j7PLieXTTAusdSPDnKo5Yco1/f800/1682674195.jpeg?s=c8d54373833eec3c0d3f461611ad713350a010e1', 'https://images1.vinted.net/t/03_025d4_1Xe3USMdC3rZNGX2dxa3vVkz/f800/1682674195.jpeg?s=c96cb47c55c1a6f6784868a6cc7609300e87b318', 'https://images1.vinted.net/t/03_00046_hzt16Gw3DxzhLCZYhKY2tTqk/f800/1682674195.jpeg?s=017f09ded15a18de83e8dcb43aa685d02dbef90b']",https://www.vinted.fr/uomo/vestiti/abbigliamento-da-esterno/giacche/giacche-a-vento/2954932741-barbour-bedale-verde,BARBOUR,"VERT, KAKI","90,00 ‚Ç¨",Modello bedale taglia 40. Molto segni di usura ma facilmente rassettabili da una sarta (posso mandare altre foto),"M
SIZE INFORMATION",324,"MILANO, ITALIE",28/04/2023 11:29:55,1 UTILISATEUR,search_text=barbour
Barbour Vintage Burghley cerato (raro),"['https://images1.vinted.net/t/01_01b84_QhAjgscDF8prAqazcyiqpGcr/f800/1680599322.jpeg?s=3057e15f36b570ea23c5a4401a80c8a0c5b82cd7', 'https://images1.vinted.net/t/01_008a2_t7sZ2NJWHL48UP8YDxFXUaGu/f800/1680599322.jpeg?s=de3e66225c218e3f2a6bc59be4771f47742e7eeb', 'https://images1.vinted.net/t/02_022b2_8utqAWRYXMVq1oVyKLEEgmJ8/f800/1680599322.jpeg?s=e22335b4a693b6b2ee616f7f4095b47f3c1204ec', 'https://images1.vinted.net/t/03_00cc1_sFYDto5ZWsQqcRFrBHSVj22u/f800/1680599322.jpeg?s=1305051c1f9a2e3845f03b3f91d478e6e5762a04', 'https://images1.vinted.net/t/01_00ac4_1i7S8Uxjqw7724WjM7JLrYB5/f800/1680599322.jpeg?s=c8c5ba8fd6ceb3ff4d4b3a3bf119f47a566125cb', 'https://images1.vinted.net/t/01_01b84_QhAjgscDF8prAqazcyiqpGcr/f800/1680599322.jpeg?s=3057e15f36b570ea23c5a4401a80c8a0c5b82cd7', 'https://images1.vinted.net/t/01_008a2_t7sZ2NJWHL48UP8YDxFXUaGu/f800/1680599322.jpeg?s=de3e66225c218e3f2a6bc59be4771f47742e7eeb', 'https://images1.vinted.net/t/02_022b2_8utqAWRYXMVq1oVyKLEEgmJ8/f800/1680599322.jpeg?s=e22335b4a693b6b2ee616f7f4095b47f3c1204ec', 'https://images1.vinted.net/t/03_00cc1_sFYDto5ZWsQqcRFrBHSVj22u/f800/1680599322.jpeg?s=1305051c1f9a2e3845f03b3f91d478e6e5762a04', 'https://images1.vinted.net/t/01_00ac4_1i7S8Uxjqw7724WjM7JLrYB5/f800/1680599322.jpeg?s=c8c5ba8fd6ceb3ff4d4b3a3bf119f47a566125cb']",https://www.vinted.fr/uomo/vestiti/abbigliamento-da-esterno/cappotti/soprabiti-e-cappotti-lunghi/2865876680-barbour-vintage-burghley-cerato-raro,BARBOUR,VERT FONC√â,"229,00 ‚Ç¨","Splendido Barbour Vintage Burghley cerato. Modello raro per collezionisti e appassionati. Pezzo proveniente dalla mia collezione

Colore: dark forest green
Taglia: C36/91CM - S
Condizioni pari al nuovo, giacca mai utilizzata. 

üöõ Spedisco entro 24h","S
SIZE INFORMATION",804,"GUIDONIA MONTECELIO, ITALIE",04/04/2023 11:08:42,2 UTILISATEURS,search_text=barbour
Barbour Wax Brindle Jacket,"['https://images1.vinted.net/t/02_01eaf_DipVFgpEH89wSroUZDLAc8Lz/f800/1682679287.jpeg?s=2d45a7ec27ed02156ab2552c8b612c2bd60a815b', 'https://images1.vinted.net/t/01_02150_zxsWKXejFxAzL9hgCtAUqFkJ/f800/1682679287.jpeg?s=106b6f1ee1e82873e76ab9c1ef10ebecc00b1af4', 'https://images1.vinted.net/t/03_0069c_hTQattLLn5ai2psMsxmqEZqG/f800/1682679287.jpeg?s=78ef49fe6d20a273a9bee6e1fb1065a06ce70290', 'https://images1.vinted.net/t/02_01bab_4rcukSG728PUjwShA7piCGcj/f800/1682679287.jpeg?s=2836659999488780b92ead4a3f2f7479abf1d9f7', 'https://images1.vinted.net/t/03_008aa_PxKEiLfTvoiKtv44urxEPLn1/f800/1682679287.jpeg?s=43ab58e5308f29300cfb9e1842b653c683cf7ea5', 'https://images1.vinted.net/t/02_01eaf_DipVFgpEH89wSroUZDLAc8Lz/f800/1682679287.jpeg?s=2d45a7ec27ed02156ab2552c8b612c2bd60a815b', 'https://images1.vinted.net/t/01_02150_zxsWKXejFxAzL9hgCtAUqFkJ/f800/1682679287.jpeg?s=106b6f1ee1e82873e76ab9c1ef10ebecc00b1af4', 'https://images1.vinted.net/t/03_0069c_hTQattLLn5ai2psMsxmqEZqG/f800/1682679287.jpeg?s=78ef49fe6d20a273a9bee6e1fb1065a06ce70290', 'https://images1.vinted.net/t/02_01bab_4rcukSG728PUjwShA7piCGcj/f800/1682679287.jpeg?s=2836659999488780b92ead4a3f2f7479abf1d9f7', 'https://images1.vinted.net/t/03_008aa_PxKEiLfTvoiKtv44urxEPLn1/f800/1682679287.jpeg?s=43ab58e5308f29300cfb9e1842b653c683cf7ea5']",https://www.vinted.fr/hommes/vetements/manteaux-and-vestes/parkas/2955246901-barbour-wax-brindle-jacket,BARBOUR,"KAKI, VERT FONC√â","95,00 ‚Ç¨","Barbour

Waxed Brindle Jacket / Parka 

Size S 

#Barbour #International #Heritage #Country #Campagne #Chasse #Farming #British #UK #Quality #Luxury #Impermeable #Waterproof #design #classic #classy #Belstaff #Moto #motorcycle #hunter #carhartt #Jacket #veste #manteau #coat","S
SIZE INFORMATION",243,"MARMAGNE, FRANCE",28/04/2023 12:54:47,3 UTILISATEURS,search_text=barbour
sage green Barbour Wax Mac - S - manteau trench huil√©e imperm√©able,"['https://images1.vinted.net/t/02_00ccd_UYsVc23XDfUXU1YagAuDh7hE/f800/1678628666.jpeg?s=f49fde67ada57119e516a194cd8296fd85ad89cd', 'https://images1.vinted.net/t/02_01a4a_fdXYJSc33MtJRYXr2KA648vt/f800/1678498472.jpeg?s=b908b5bcfd2827f8a5bc6abbf737aab50d446fb9', 'https://images1.vinted.net/t/01_00944_feLLg5BhMgNwHufryHEuxACv/f800/1678628666.jpeg?s=ce56666073bca4d568ce8b859159f3e851cc5a13', 'https://images1.vinted.net/t/02_0170a_XzhrE3RN5NBwmsNE3zoAEGJz/f800/1678628666.jpeg?s=b196be534e1688846e0fd21782581f51241665e4', 'https://images1.vinted.net/t/02_01f94_4KJt8dHrZg93sNYB4xyTqrYG/f800/1678628666.jpeg?s=4e796c7bb4edf81fdbd982b544d2fbe0cd86355b', 'https://images1.vinted.net/t/02_00ccd_UYsVc23XDfUXU1YagAuDh7hE/f800/1678628666.jpeg?s=f49fde67ada57119e516a194cd8296fd85ad89cd', 'https://images1.vinted.net/t/02_01a4a_fdXYJSc33MtJRYXr2KA648vt/f800/1678498472.jpeg?s=b908b5bcfd2827f8a5bc6abbf737aab50d446fb9', 'https://images1.vinted.net/t/01_00944_feLLg5BhMgNwHufryHEuxACv/f800/1678628666.jpeg?s=ce56666073bca4d568ce8b859159f3e851cc5a13', 'https://images1.vinted.net/t/02_0170a_XzhrE3RN5NBwmsNE3zoAEGJz/f800/1678628666.jpeg?s=b196be534e1688846e0fd21782581f51241665e4', 'https://images1.vinted.net/t/02_01f94_4KJt8dHrZg93sNYB4xyTqrYG/f800/1678628666.jpeg?s=4e796c7bb4edf81fdbd982b544d2fbe0cd86355b']",https://www.vinted.fr/hommes/vetements/manteaux-and-vestes/impermeables/2774459732-sage-green-barbour-wax-mac-s-manteau-trench-huilee-impermeable,BARBOUR,VERT FONC√â,"275,00 ‚Ç¨","magnificent sage green BARBOUR WAX MAC

classic 6oz wax with signature tartan quilted lining, corduroy collar - very warm

in superb condition - no imperfections

size S

armpit to armpit 58cm
shoulder to shoulder 46cm
shoulder to end of sleeve 64cm
armpit to end of sleeve 50cm
collar to end of sleeve 77cm
length of back from bottom of collar 90cm

model 1m81 75kg

veste cir√©e - int√©rieur en tartan et doublure matelass√©e

Si vous avez des questions, n'h√©sitez pas √† me contacter.","S
SIZE INFORMATION",145,FRANCE,11/03/2023 02:34:32,AUCUN MEMBRE INTERESSE,search_text=barbour
olive Barbour Classic Northumbria 38 wax jacket - veste huil√©e imperm√©able,"['https://images1.vinted.net/t/03_0011a_tXLS5vMhmp8NheZ8DEfUtkbx/f800/1678556772.jpeg?s=4ed282756ecbc349978a8d747579ab17310a5404', 'https://images1.vinted.net/t/03_00fcb_PFcVNem2Z3HmMCRpVG7KQhzS/f800/1678556558.jpeg?s=371e505086bd1559bd9a76930f31da7c2cc2246b', 'https://images1.vinted.net/t/02_00e71_fxTXQDxYX8iXbJ1BeFwRRSJr/f800/1678556637.jpeg?s=701fedf7df9db75a37e880a06d4a9ebd2ba54318', 'https://images1.vinted.net/t/02_00de6_Yi95FYsEMCxcY2AxqoMBtyHB/f800/1678556637.jpeg?s=46b3db7cbbea5c660500b6b00debab3aa7541804', 'https://images1.vinted.net/t/01_010ca_CUnN42D7dXSisLWswapvB1X1/f800/1678556637.jpeg?s=127b74f1ad1f7f378614a85a85967cedf7bf52dc', 'https://images1.vinted.net/t/03_0011a_tXLS5vMhmp8NheZ8DEfUtkbx/f800/1678556772.jpeg?s=4ed282756ecbc349978a8d747579ab17310a5404', 'https://images1.vinted.net/t/03_00fcb_PFcVNem2Z3HmMCRpVG7KQhzS/f800/1678556558.jpeg?s=371e505086bd1559bd9a76930f31da7c2cc2246b', 'https://images1.vinted.net/t/02_00e71_fxTXQDxYX8iXbJ1BeFwRRSJr/f800/1678556637.jpeg?s=701fedf7df9db75a37e880a06d4a9ebd2ba54318', 'https://images1.vinted.net/t/02_00de6_Yi95FYsEMCxcY2AxqoMBtyHB/f800/1678556637.jpeg?s=46b3db7cbbea5c660500b6b00debab3aa7541804', 'https://images1.vinted.net/t/01_010ca_CUnN42D7dXSisLWswapvB1X1/f800/1678556637.jpeg?s=127b74f1ad1f7f378614a85a85967cedf7bf52dc']",https://www.vinted.fr/uomo/vestiti/cappotti-e-giacche/parka/2774393227-olive-barbour-classic-northumbria-38-wax-jacket-veste-huilee-impermeable,BARBOUR,VERT FONC√â,"260,00 ‚Ç¨","great olive BARBOUR CLASSIC NORTHUMBRIA wax jacket C38

in fantastic condition - no holes or imperfections

signature tartan interior - corduroy collar

great for all seasons as it can be layered up for winter with a compatible fake-fur or polar Barbour zip-in lining (I have some)

heavyweight 8oz Sylkoil wax and longer length

unisex - size C38/97 cm - approx S/M for men (relaxed fit)

armpit to armpit: 58cm
shoulder to shoulder: 47cm
armpit to end of sleeve: 54cm
shoulder to end of sleeve: 61cm
bottom of collar to end of sleeve: 78cm
length of back from bottom of collar: 92cm

woman model 1m76 58kg
man model 1m81 75kg

en tr√®s bon √©tat - pas d'imperfections

parfaite pour toute l'ann√©e - possibilit√© de rajouter des doublures compatibles en polaire ou fausse fourrure (j'en ai quelques-unes)

photos port√©es sur demande

Si vous avez des questions, n'h√©sitez pas √† me contacter.","M
SIZE INFORMATION",184,FRANCE,10/03/2023 23:59:53,AUCUN MEMBRE INTERESSE,search_text=barbour
olive Barbour Bristol wax jacket -S- veste huil√©e imperm√©able,"['https://images1.vinted.net/t/02_0154a_JysUbh5UCgDcAVtgB53i4S5G/f800/1679260002.jpeg?s=aa27bd1d005e702e9b41efede4800ad0d2ba4d88', 'https://images1.vinted.net/t/03_017d7_S4mtmkZMdb12w38k1C8b6248/f800/1679260002.jpeg?s=d3db6e0955f1dad11c2c63aa2b8b48a4977aa7b5', 'https://images1.vinted.net/t/02_0042b_JbCfknx8b2vcwRaV36WYopHc/f800/1679260002.jpeg?s=f3ad10b7e5dc9357bb4ca59ba9b2ecf2b62e5375', 'https://images1.vinted.net/t/03_017e5_x5DBjrMTdTfpPBLsXkFDoft8/f800/1679260002.jpeg?s=aeff3fcb075c8d00421add486d50acf95fc0ee19', 'https://images1.vinted.net/t/03_01543_g7jpfJb5HZKKPwwzf2bxQxZf/f800/1679906881.jpeg?s=5e5cf6b627143a51345056d2f745b9ade7d2ae68', 'https://images1.vinted.net/t/02_0154a_JysUbh5UCgDcAVtgB53i4S5G/f800/1679260002.jpeg?s=aa27bd1d005e702e9b41efede4800ad0d2ba4d88', 'https://images1.vinted.net/t/03_017d7_S4mtmkZMdb12w38k1C8b6248/f800/1679260002.jpeg?s=d3db6e0955f1dad11c2c63aa2b8b48a4977aa7b5', 'https://images1.vinted.net/t/02_0042b_JbCfknx8b2vcwRaV36WYopHc/f800/1679260002.jpeg?s=f3ad10b7e5dc9357bb4ca59ba9b2ecf2b62e5375', 'https://images1.vinted.net/t/03_017e5_x5DBjrMTdTfpPBLsXkFDoft8/f800/1679260002.jpeg?s=aeff3fcb075c8d00421add486d50acf95fc0ee19', 'https://images1.vinted.net/t/03_01543_g7jpfJb5HZKKPwwzf2bxQxZf/f800/1679906881.jpeg?s=5e5cf6b627143a51345056d2f745b9ade7d2ae68']",https://www.vinted.fr/uomo/vestiti/cappotti-e-giacche/parka/2808372365-olive-barbour-bristol-wax-jacket-s-veste-huilee-impermeable,BARBOUR,VERT FONC√â,"280,00 ‚Ç¨","beautiful olive slim fit BARBOUR BRISTOL wax jacket

perfect - never worn

classic sylkoil finish - dark green olive - signature tartan interior - corduroy collar and cuff turn-ups

one of Barbour‚Äôs most popular jackets - classic look of the Beaufort and Bedale, with some slightly more modern tailored features similar to the Ashby

great for all seasons as it can be layered up for winter with a compatible faux-fur or polar Barbour zip-in lining (I have some)

size Small

armpit to armpit: 54cm
width at pockets 50cm
width at bottom 56cm
armpit to end of sleeve (unfolded): 50cm 
bottom of collar to end of sleeve(unfolded): 76cm
length of back from bottom of collar: 80cm

parfaite pour toute l'ann√©e - possibilit√© de rajouter des doublures compatibles en polaire ou fausse fourrure (j'en ai quelques-unes)

jamais port√© - parfait

photos port√©es sur demande

Si vous avez des questions, n'h√©sitez pas √† me contacter.","S
SIZE INFORMATION",209,FRANCE,19/03/2023 22:06:42,2 UTILISATEURS,search_text=barbour
navy blue slim fit Barbour Ashby S wax jacket - veste cir√©e cintr√©e,"['https://images1.vinted.net/t/01_001d9_NGz2cnn4ZxDfdq2A5K8ryK3f/f800/1664138399.jpeg?s=105ab192f725d70fb4d751340dc205c9b5972ece', 'https://images1.vinted.net/t/01_009cd_XQP3x8qZN5Zj13gkVfbXQAF2/f800/1664138399.jpeg?s=a303a63d9306f055b9881cbb635ecfdbf922e117', 'https://images1.vinted.net/t/03_01eb3_Fc192uumu8G4UTM2Tr3aGZti/f800/1664138399.jpeg?s=345db968985adcc72c46acfc9dfded54ce79ff83', 'https://images1.vinted.net/t/01_0132b_v9GUdeg9XgWZ9s8jax9eDzSi/f800/1664138399.jpeg?s=98e930d1f8b89907ec9f67c27a30596ac2f5f9ae', 'https://images1.vinted.net/t/02_01d90_mCq5etBPsQm2nPwUMLN6yodc/f800/1664138399.jpeg?s=2eb379f476da94b18e06554f7284a3e5787b21fb', 'https://images1.vinted.net/t/01_001d9_NGz2cnn4ZxDfdq2A5K8ryK3f/f800/1664138399.jpeg?s=105ab192f725d70fb4d751340dc205c9b5972ece', 'https://images1.vinted.net/t/01_009cd_XQP3x8qZN5Zj13gkVfbXQAF2/f800/1664138399.jpeg?s=a303a63d9306f055b9881cbb635ecfdbf922e117', 'https://images1.vinted.net/t/03_01eb3_Fc192uumu8G4UTM2Tr3aGZti/f800/1664138399.jpeg?s=345db968985adcc72c46acfc9dfded54ce79ff83', 'https://images1.vinted.net/t/01_0132b_v9GUdeg9XgWZ9s8jax9eDzSi/f800/1664138399.jpeg?s=98e930d1f8b89907ec9f67c27a30596ac2f5f9ae', 'https://images1.vinted.net/t/02_01d90_mCq5etBPsQm2nPwUMLN6yodc/f800/1664138399.jpeg?s=2eb379f476da94b18e06554f7284a3e5787b21fb']",https://www.vinted.fr/hommes/vetements/manteaux-and-vestes/parkas/2242333957-navy-blue-slim-fit-barbour-ashby-s-wax-jacket-veste-ciree-cintree,BARBOUR,"BLEU, MARINE","270,00 ‚Ç¨","beautiful navy blue BARBOUR ASHBY jacket 

slimmer, more contemporary fit than the Bedale

in perfect condition - never worn

great for all seasons as it can be layered up for winter with a compatible faux-fur or polar Barbour zip-in lining (ask me)

taille S cintr√© - tailored slim fit

aisselle au bout de la manche (d√©pli√©e) 48cm
bas du col au bout de la manche 76cm
longueur √† partir du bas du col 76cm
aisselle √† aisselle 52cm

jamais port√© - parfait

parfaite pour toute l'ann√©e - possibilit√© de rajouter des doublures compatibles en polaire ou fausse fourrure √† fermeture √©clair (me demander)

photos port√©es sur demande

Si vous avez des questions, n'h√©sitez pas √† me contacter.","S
SIZE INFORMATION",841,FRANCE,25/09/2022 22:39:59,12 UTILISATEURS,search_text=barbour
olive Classic Barbour Bedale 40 wax jacket - unisex - veste huil√©e imperm√©able,"['https://images1.vinted.net/t/01_012cc_RH5hwTVcruKAddhc4n6Yv9oy/f800/1679777230.jpeg?s=dbe6368936f93343795716350b17e0e24d86f9fc', 'https://images1.vinted.net/t/02_00a63_jKDkXXoWwGE8dW41HSYbAFE9/f800/1679777230.jpeg?s=80ded251e937ba58f8f846fabc6f52b40177ee8f', 'https://images1.vinted.net/t/02_01cb8_NJJVdh7G4v6V1ZRDSY4qG6Ap/f800/1679777230.jpeg?s=a7edcd5de72a31dc13be658a1f602cefd7579c53', 'https://images1.vinted.net/t/01_025ae_b2yjEFZTWyWBgSG9YGWb77U1/f800/1679777230.jpeg?s=5f67bf53eb24e76e6f0063ff6cc2f538720577f6', 'https://images1.vinted.net/t/01_020c5_x76L73S2mCocjKqCjDd9kqgA/f800/1679777230.jpeg?s=1584b835910793827aefa851564393bec1d1bbe9', 'https://images1.vinted.net/t/01_012cc_RH5hwTVcruKAddhc4n6Yv9oy/f800/1679777230.jpeg?s=dbe6368936f93343795716350b17e0e24d86f9fc', 'https://images1.vinted.net/t/02_00a63_jKDkXXoWwGE8dW41HSYbAFE9/f800/1679777230.jpeg?s=80ded251e937ba58f8f846fabc6f52b40177ee8f', 'https://images1.vinted.net/t/02_01cb8_NJJVdh7G4v6V1ZRDSY4qG6Ap/f800/1679777230.jpeg?s=a7edcd5de72a31dc13be658a1f602cefd7579c53', 'https://images1.vinted.net/t/01_025ae_b2yjEFZTWyWBgSG9YGWb77U1/f800/1679777230.jpeg?s=5f67bf53eb24e76e6f0063ff6cc2f538720577f6', 'https://images1.vinted.net/t/01_020c5_x76L73S2mCocjKqCjDd9kqgA/f800/1679777230.jpeg?s=1584b835910793827aefa851564393bec1d1bbe9']",https://www.vinted.fr/heren/kleding/buitenkleding/jassen/parka-jassen/2829893440-olive-classic-barbour-bedale-40-wax-jacket-unisex-veste-huilee-impermeable,BARBOUR,VERT FONC√â,"255,00 ‚Ç¨","great olive CLASSIC BARBOUR BEDALE wax jacket C40

in superb condition - entirely REWAXED (by me) - no holes or imperfections

olive

signature tartan interior - corduroy collar - sylkoil finish

great for all seasons as it can be layered up for winter with a compatible faux-fur or polar Barbour zip-in lining (I have some)

size C40/102cm - approx M for men

measured flat and closed:
armpit to armpit 60cm
length of back from collar 72cm
armpit to end of sleeve 50cm
collar to end of sleeve 75cm

parfaite pour toute l'ann√©e - possibilit√© de rajouter des doublures compatibles en polaire ou fausse fourrure (j'en ai quelques-unes)

en excellent √©tat - enti√®rement RECIREE (par mes soins) - pas de trous etc

photos port√©es sur demande

Si vous avez des questions, n'h√©sitez pas √† me contacter.","M
SIZE INFORMATION",189,FRANCE,25/03/2023 21:47:10,AUCUN MEMBRE INTERESSE,search_text=barbour
NEW Barbour Ashby Wax Coat - Olive,"['https://images1.vinted.net/t/01_00e8d_JQwrindrHpUuPZJCriBqk2cV/f800/1682260512.jpeg?s=5519f9fe83fd85b168e3a5c5773daf6caca88447', 'https://images1.vinted.net/t/02_012df_VwZAmKFXgWajyCsJi8tpAHaG/f800/1682260512.jpeg?s=64c85c0fb4bd872cae74c33421324adcf62beb0d', 'https://images1.vinted.net/t/03_010ec_o6YhMXmYQsJqQywxaSwCB2Q3/f800/1682260512.jpeg?s=30efa95a3e15a09865517577a486f97b48a445bc', 'https://images1.vinted.net/t/01_016cd_V8RfLtJb5eVqeLe67rrG2zV3/f800/1682260512.jpeg?s=3310e8dfadb8da7852d58d7945cab36dfdd6eeaf', 'https://images1.vinted.net/t/01_00e8d_JQwrindrHpUuPZJCriBqk2cV/f800/1682260512.jpeg?s=5519f9fe83fd85b168e3a5c5773daf6caca88447', 'https://images1.vinted.net/t/02_012df_VwZAmKFXgWajyCsJi8tpAHaG/f800/1682260512.jpeg?s=64c85c0fb4bd872cae74c33421324adcf62beb0d', 'https://images1.vinted.net/t/03_010ec_o6YhMXmYQsJqQywxaSwCB2Q3/f800/1682260512.jpeg?s=30efa95a3e15a09865517577a486f97b48a445bc', 'https://images1.vinted.net/t/01_016cd_V8RfLtJb5eVqeLe67rrG2zV3/f800/1682260512.jpeg?s=3310e8dfadb8da7852d58d7945cab36dfdd6eeaf']",https://www.vinted.fr/men/clothes/coats-and-jackets/parkas/2937102393-new-barbour-ashby-wax-coat-olive,BARBOUR,VERT FONC√â,"300,00 ‚Ç¨","New - without tags
Size M
For Men
Price Negotiable","M
SIZE INFORMATION",260,"LUXEMBOURG, LUXEMBOURG",23/04/2023 16:35:12,AUCUN MEMBRE INTERESSE,search_text=barbour
Barbour Wax Ashby,"['https://images1.vinted.net/t/03_015b4_8S5w7G65rQrUEyptJJqMhZGD/f800/1682677845.jpeg?s=7a48b4404463767cc9fe210caba6c8f2bb508a77', 'https://images1.vinted.net/t/03_01889_6fiDYzhBNrf82hRpJZtWi7yL/f800/1682677845.jpeg?s=b3a27d2f3e804c644186c7938d3febc4ac3517ab', 'https://images1.vinted.net/t/03_008c3_8VeP6SYpLyVUQ8fsneRqe4cw/f800/1682677845.jpeg?s=c4a8ee732085a40a64d5e194bf648642159f10aa', 'https://images1.vinted.net/t/03_001e0_ipqQxQhSCgHiLoRaY36LVAAe/f800/1682677845.jpeg?s=744045514d14f4acfbeda975b093345d1463783c', 'https://images1.vinted.net/t/01_01616_Fhdw7k78JfmUP9SZ647AzfgE/f800/1682677845.jpeg?s=a31d38589bb78206048a8f9d69e668ac7e10af1c', 'https://images1.vinted.net/t/03_015b4_8S5w7G65rQrUEyptJJqMhZGD/f800/1682677845.jpeg?s=7a48b4404463767cc9fe210caba6c8f2bb508a77', 'https://images1.vinted.net/t/03_01889_6fiDYzhBNrf82hRpJZtWi7yL/f800/1682677845.jpeg?s=b3a27d2f3e804c644186c7938d3febc4ac3517ab', 'https://images1.vinted.net/t/03_008c3_8VeP6SYpLyVUQ8fsneRqe4cw/f800/1682677845.jpeg?s=c4a8ee732085a40a64d5e194bf648642159f10aa', 'https://images1.vinted.net/t/03_001e0_ipqQxQhSCgHiLoRaY36LVAAe/f800/1682677845.jpeg?s=744045514d14f4acfbeda975b093345d1463783c', 'https://images1.vinted.net/t/01_01616_Fhdw7k78JfmUP9SZ647AzfgE/f800/1682677845.jpeg?s=a31d38589bb78206048a8f9d69e668ac7e10af1c']",https://www.vinted.fr/uomo/vestiti/cappotti-e-giacche/impermeabili/2955161989-barbour-wax-ashby,BARBOUR,"KAKI, VERT FONC√â","145,00 ‚Ç¨","Barbour

Waxed Ashby 

Size S

Immaculate 

#Barbour #International #Heritage #Country #Campagne #Chasse #Farming #British #UK #Quality #Luxury #Impermeable #Waterproof #design #classic #classy #Belstaff #Moto #motorcycle #hunter #carhartt #Jacket #veste #manteau #coat","S
SIZE INFORMATION",251,"MARMAGNE, FRANCE",28/04/2023 12:30:45,4 UTILISATEURS,search_text=barbour
Barbour Wax Duke Moto Jacket,"['https://images1.vinted.net/t/02_02280_CzEQCgUUUDT8wU4pShbJ9PDR/f800/1682677926.jpeg?s=07457b683e21de341e69d59b12ee6db4f1a8391f', 'https://images1.vinted.net/t/02_00779_LyfRVcdWXMabdgaG1oKfM5F8/f800/1682677926.jpeg?s=e050001cdb8691ee8d7a970c3a1bf1dcb2b14c1f', 'https://images1.vinted.net/t/02_00b9a_Cu2bs3tr8pvuoBFpGyZVLWye/f800/1682677926.jpeg?s=c1bc538670a0c2d7c45404c1f8bc59a7ce35670b', 'https://images1.vinted.net/t/02_018ea_9beVQFwvA9LVHWaBMASD1Uq7/f800/1682677926.jpeg?s=2ccf960c7365a935689b451005e715f5c7bd1266', 'https://images1.vinted.net/t/01_001a4_EfeuzeJfdYvBADYiMdPERFfd/f800/1682677926.jpeg?s=e4dd291753bfecadfe50a2d35ddd2e677a8e3fca', 'https://images1.vinted.net/t/02_02280_CzEQCgUUUDT8wU4pShbJ9PDR/f800/1682677926.jpeg?s=07457b683e21de341e69d59b12ee6db4f1a8391f', 'https://images1.vinted.net/t/02_00779_LyfRVcdWXMabdgaG1oKfM5F8/f800/1682677926.jpeg?s=e050001cdb8691ee8d7a970c3a1bf1dcb2b14c1f', 'https://images1.vinted.net/t/02_00b9a_Cu2bs3tr8pvuoBFpGyZVLWye/f800/1682677926.jpeg?s=c1bc538670a0c2d7c45404c1f8bc59a7ce35670b', 'https://images1.vinted.net/t/02_018ea_9beVQFwvA9LVHWaBMASD1Uq7/f800/1682677926.jpeg?s=2ccf960c7365a935689b451005e715f5c7bd1266', 'https://images1.vinted.net/t/01_001a4_EfeuzeJfdYvBADYiMdPERFfd/f800/1682677926.jpeg?s=e4dd291753bfecadfe50a2d35ddd2e677a8e3fca']",https://www.vinted.fr/men/clothes/coats-and-jackets/jackets/bomber-jackets/2955166706-barbour-wax-duke-moto-jacket,BARBOUR,"VERT, VERT FONC√â","140,00 ‚Ç¨","Barbour

Waxed Duke Jacket

Moto / Bomber Style
 
Size S

Immaculate Condition 

#Barbour #International #Heritage #Country #Campagne #Chasse #Farming #British #UK #Quality #Luxury #Impermeable #Waterproof #design #classic #classy #Belstaff #Moto #motorcycle #hunter #carhartt #Jacket #veste #manteau #coat","S
SIZE INFORMATION",201,"MARMAGNE, FRANCE",28/04/2023 12:32:06,1 UTILISATEUR,search_text=barbour
trapunta Barbour,"['https://images1.vinted.net/t/01_01722_LzG9VcJ3NE3edyrNKmuCpENm/f800/1682780998.jpeg?s=eb6da271c720e9ae1571d671a743cbbed81f9c70', 'https://images1.vinted.net/t/02_020b4_n9iExEYT7UTsDQF6LHhPeMF9/f800/1682783728.jpeg?s=a75ca20421f6bc27e9314383a37cba2204ebf690', 'https://images1.vinted.net/t/01_02671_tCXJhnC7xUTH8ax6mKonjLCr/f800/1682783728.jpeg?s=9977ce94f1b31a9e686bce029fdff214756ab0d0', 'https://images1.vinted.net/t/03_0137a_JKYaTZtdVd2yEnKofekKQ278/f800/1682783728.jpeg?s=2b45042428c11fc0b407e74b1a11053a0bacbdfc', 'https://images1.vinted.net/t/03_02458_m5KH58SRSKsuuMKHjCGhxuMU/f800/1682783728.jpeg?s=9de9bfe261246a388aed4a33c18541641ef5e58a', 'https://images1.vinted.net/t/01_01722_LzG9VcJ3NE3edyrNKmuCpENm/f800/1682780998.jpeg?s=eb6da271c720e9ae1571d671a743cbbed81f9c70', 'https://images1.vinted.net/t/02_020b4_n9iExEYT7UTsDQF6LHhPeMF9/f800/1682783728.jpeg?s=a75ca20421f6bc27e9314383a37cba2204ebf690', 'https://images1.vinted.net/t/01_02671_tCXJhnC7xUTH8ax6mKonjLCr/f800/1682783728.jpeg?s=9977ce94f1b31a9e686bce029fdff214756ab0d0', 'https://images1.vinted.net/t/03_0137a_JKYaTZtdVd2yEnKofekKQ278/f800/1682783728.jpeg?s=2b45042428c11fc0b407e74b1a11053a0bacbdfc', 'https://images1.vinted.net/t/03_02458_m5KH58SRSKsuuMKHjCGhxuMU/f800/1682783728.jpeg?s=9de9bfe261246a388aed4a33c18541641ef5e58a']",https://www.vinted.fr/uomo/vestiti/abbigliamento-da-esterno/giacche/giacche-trapuntate/2959659347-trapunta-barbour,BARBOUR,"KAKI, VERT FONC√â","85,00 ‚Ç¨","indossato poche volte 
, piccola imperfezione come si vede dalla foto , veste comodo taglia M, appena lavato in lavanderia 
‚ö†Ô∏è‚ö†Ô∏è‚ö†Ô∏è‚ö†Ô∏è‚ö†Ô∏èNon accetto RESI !!!","M
SIZE INFORMATION",12,"NAPOLI, ITALIE",29/04/2023 17:09:58,AUCUN MEMBRE INTERESSE,search_text=barbour
Barbour Fleece Gilet,"['https://images1.vinted.net/t/01_0203d_DxZN1MfQdXyJntKz4TSc7o1Z/f800/1682679373.jpeg?s=8596a41616a57d51dc01348814764c38865ea287', 'https://images1.vinted.net/t/01_024a0_3sk1xFsVg6BkUxxnzQ5MP5BD/f800/1682679373.jpeg?s=28b6385e9c8b7b73d1aaa73ec3048439b71fe00f', 'https://images1.vinted.net/t/03_00740_tqzKKcGy9uuoHBJZAYcKJiX1/f800/1682679373.jpeg?s=490d8830c03b5ee6774293f2e1d165e5e59f4c70', 'https://images1.vinted.net/t/02_01b88_UnZvk7XFyscNwZ3qLJ1ax66q/f800/1682679373.jpeg?s=1ea0be9e8ab4696f883fd049e13099f0fe2528a8', 'https://images1.vinted.net/t/02_024b9_xJ6vNPumqyey9oeTCKVpXTkd/f800/1682679373.jpeg?s=2c98d5dfa5e02ea39bef1c7d9d82bbf394a3f246', 'https://images1.vinted.net/t/01_0203d_DxZN1MfQdXyJntKz4TSc7o1Z/f800/1682679373.jpeg?s=8596a41616a57d51dc01348814764c38865ea287', 'https://images1.vinted.net/t/01_024a0_3sk1xFsVg6BkUxxnzQ5MP5BD/f800/1682679373.jpeg?s=28b6385e9c8b7b73d1aaa73ec3048439b71fe00f', 'https://images1.vinted.net/t/03_00740_tqzKKcGy9uuoHBJZAYcKJiX1/f800/1682679373.jpeg?s=490d8830c03b5ee6774293f2e1d165e5e59f4c70', 'https://images1.vinted.net/t/02_01b88_UnZvk7XFyscNwZ3qLJ1ax66q/f800/1682679373.jpeg?s=1ea0be9e8ab4696f883fd049e13099f0fe2528a8', 'https://images1.vinted.net/t/02_024b9_xJ6vNPumqyey9oeTCKVpXTkd/f800/1682679373.jpeg?s=2c98d5dfa5e02ea39bef1c7d9d82bbf394a3f246']",https://www.vinted.fr/hommes/vetements/manteaux-and-vestes/vestes-sans-manches/2955251942-barbour-fleece-gilet,BARBOUR,"KAKI, VERT FONC√â","45,00 ‚Ç¨","Barbour

Fleece Gilet Langdown 

Size M 

Immaculate 

#Barbour #International #Heritage #Country #Campagne #Chasse #Farming #British #UK #Quality #Luxury #Impermeable #Waterproof #design #classic #classy #Belstaff #Moto #motorcycle #hunter #carhartt #Jacket #veste #manteau #coat","M
SIZE INFORMATION",192,"MARMAGNE, FRANCE",28/04/2023 12:56:13,6 UTILISATEURS,search_text=barbour
"Veste Barbour matelass√©e verte ""Liddesdale""","['https://images1.vinted.net/t/02_01898_fAqEyLHBjTEJtuxvPfcdTuVa/f800/1682415274.jpeg?s=3706ff8b48a4fa59b2ba8fe043e7675268e42aaf', 'https://images1.vinted.net/t/02_00dfe_DjB8btmHgtfyBtQuMS6VGZXA/f800/1682415274.jpeg?s=250692c3dc08d43aa7316e9f044e7d414130d9ff', 'https://images1.vinted.net/t/01_00293_JUic57eZfjvPKYfEhcAr5kUQ/f800/1682415274.jpeg?s=8ce84b1f72110b81ce8fa2eb7258d1e4ab6b78f5', 'https://images1.vinted.net/t/02_01b23_ffAp3pZzHKopwwpY9TeWT5jq/f800/1682415274.jpeg?s=a29a82712cd081126c4239b8aa73706aee350b1a', 'https://images1.vinted.net/t/02_01fda_sVbJZdZJ2rg7yt8SLxVe9JVB/f800/1682415274.jpeg?s=0be373f9d99bd17828168c5eaab479b89d845e2f', 'https://images1.vinted.net/t/02_01898_fAqEyLHBjTEJtuxvPfcdTuVa/f800/1682415274.jpeg?s=3706ff8b48a4fa59b2ba8fe043e7675268e42aaf', 'https://images1.vinted.net/t/02_00dfe_DjB8btmHgtfyBtQuMS6VGZXA/f800/1682415274.jpeg?s=250692c3dc08d43aa7316e9f044e7d414130d9ff', 'https://images1.vinted.net/t/01_00293_JUic57eZfjvPKYfEhcAr5kUQ/f800/1682415274.jpeg?s=8ce84b1f72110b81ce8fa2eb7258d1e4ab6b78f5', 'https://images1.vinted.net/t/02_01b23_ffAp3pZzHKopwwpY9TeWT5jq/f800/1682415274.jpeg?s=a29a82712cd081126c4239b8aa73706aee350b1a', 'https://images1.vinted.net/t/02_01fda_sVbJZdZJ2rg7yt8SLxVe9JVB/f800/1682415274.jpeg?s=0be373f9d99bd17828168c5eaab479b89d845e2f']",https://www.vinted.fr/hommes/vetements/manteaux-and-vestes/vestes/vestes-matelassees/2944123470-veste-barbour-matelassee-verte-liddesdale,BARBOUR,"VERT, KAKI","150,00 ‚Ç¨","Neuve, jamais port√©e car un poil trop grande pour moi √† mon go√ªt.

""La veste Barbour ""Liddesdale"" est une veste matelass√©e Barbour id√©ale pour les journ√©es plus fra√Æches. Avec un col en velours c√¥tel√©, de larges poches plaqu√©es et un ajustement g√©n√©reux, cette veste Barbour regroupe toute l'attention sur les d√©tails qui ont fait la marque Barbour. L'ext√©rieur en Nylon matelass√© lisse est compl√©t√© par une isolation int√©rieure en Nylon matelass√© / Polyester, et un col en velours c√¥tel√©. ""","M
SIZE INFORMATION",491,FRANCE,25/04/2023 11:34:34,5 UTILISATEURS,search_text=barbour
Barbour Wax Steve McQueen Edition Jacket,"['https://images1.vinted.net/t/01_0263f_x7BrRL8Pw5VF692pLC2GKoNy/f800/1682678063.jpeg?s=1b116a6166d0ed34aaf84c11b6b6cda647d6d97e', 'https://images1.vinted.net/t/03_0092c_o7dasoHFsNdB7Vngkoe1xhsj/f800/1682678063.jpeg?s=cd2b3c12566d59cef09a9b41e987092625d94c94', 'https://images1.vinted.net/t/02_00b59_gSdDUnTo2Xvs9bVyPFERRUdd/f800/1682678063.jpeg?s=d97216e17f1319269bfa1993cb99c4ddfe2fc3ce', 'https://images1.vinted.net/t/03_00e5f_W3ZE8yqCR3Fk7JPHqbPkmVDC/f800/1682678063.jpeg?s=3670d45a99d58d1bac19ee24216376995b0c420b', 'https://images1.vinted.net/t/02_01df1_JR78M8dK8huk75M3Dr3ubhdq/f800/1682678063.jpeg?s=11038a9cab48e6309c80937eadd4e0b49e6db024', 'https://images1.vinted.net/t/01_0263f_x7BrRL8Pw5VF692pLC2GKoNy/f800/1682678063.jpeg?s=1b116a6166d0ed34aaf84c11b6b6cda647d6d97e', 'https://images1.vinted.net/t/03_0092c_o7dasoHFsNdB7Vngkoe1xhsj/f800/1682678063.jpeg?s=cd2b3c12566d59cef09a9b41e987092625d94c94', 'https://images1.vinted.net/t/02_00b59_gSdDUnTo2Xvs9bVyPFERRUdd/f800/1682678063.jpeg?s=d97216e17f1319269bfa1993cb99c4ddfe2fc3ce', 'https://images1.vinted.net/t/03_00e5f_W3ZE8yqCR3Fk7JPHqbPkmVDC/f800/1682678063.jpeg?s=3670d45a99d58d1bac19ee24216376995b0c420b', 'https://images1.vinted.net/t/02_01df1_JR78M8dK8huk75M3Dr3ubhdq/f800/1682678063.jpeg?s=11038a9cab48e6309c80937eadd4e0b49e6db024']",https://www.vinted.fr/hommes/vetements/manteaux-and-vestes/vestes/blousons-aviateur/2955174764-barbour-wax-steve-mcqueen-edition-jacket,BARBOUR,"VERT, KAKI","165,00 ‚Ç¨","Barbour X Steve McQueen 

Limited Edition Jacket + Pin / Badge

Beautiful Design Accents, USA Flag, Button & Rare Pin 

Size M

Immaculate Condition 

#Barbour #International #Heritage #Country #Campagne #Chasse #Farming #British #UK #Quality #Luxury #Impermeable #Waterproof #design #classic #classy #Belstaff #Moto #motorcycle #hunter #carhartt #Jacket #veste #manteau #coat","M
SIZE INFORMATION",146,"MARMAGNE, FRANCE",28/04/2023 12:34:22,1 UTILISATEUR,search_text=barbour
Barbour Sporting Fleece Gilet,"['https://images1.vinted.net/t/03_0204d_nEAn1o5v33VLVzSE2Nxc6Bib/f800/1682678984.jpeg?s=aa9b8f02b5971d2752f84cea8c453987a73b4c6b', 'https://images1.vinted.net/t/03_009d5_XFzT4SvcTMgfqhfchVDDJGaf/f800/1682678984.jpeg?s=8713bcef2d23313279014122eb4332881475daf1', 'https://images1.vinted.net/t/03_00082_3wUAFuvyxqm1NhAv2a3KJgG7/f800/1682678985.jpeg?s=116ed4e7c5e8dc9ec0afd3937e726cd3475ec79f', 'https://images1.vinted.net/t/03_00a01_m8eyGyEbrP1WifjSnb98iG4j/f800/1682678985.jpeg?s=0d9d965f37b87c887f501f07ce60e58978f81f55', 'https://images1.vinted.net/t/03_02480_QfrN9faGHwmiQpb145aex8rJ/f800/1682678985.jpeg?s=65870a8b60fa31e1be794f4a51ac147fcde4870e', 'https://images1.vinted.net/t/03_0204d_nEAn1o5v33VLVzSE2Nxc6Bib/f800/1682678984.jpeg?s=aa9b8f02b5971d2752f84cea8c453987a73b4c6b', 'https://images1.vinted.net/t/03_009d5_XFzT4SvcTMgfqhfchVDDJGaf/f800/1682678984.jpeg?s=8713bcef2d23313279014122eb4332881475daf1', 'https://images1.vinted.net/t/03_00082_3wUAFuvyxqm1NhAv2a3KJgG7/f800/1682678985.jpeg?s=116ed4e7c5e8dc9ec0afd3937e726cd3475ec79f', 'https://images1.vinted.net/t/03_00a01_m8eyGyEbrP1WifjSnb98iG4j/f800/1682678985.jpeg?s=0d9d965f37b87c887f501f07ce60e58978f81f55', 'https://images1.vinted.net/t/03_02480_QfrN9faGHwmiQpb145aex8rJ/f800/1682678985.jpeg?s=65870a8b60fa31e1be794f4a51ac147fcde4870e']",https://www.vinted.fr/hommes/vetements/manteaux-and-vestes/vestes-sans-manches/2955229302-barbour-sporting-fleece-gilet,BARBOUR,"KAKI, VERT FONC√â","45,00 ‚Ç¨","Barbour

Sporting Fleece Gilet

Size S

#Barbour #International #Heritage #Country #Campagne #Chasse #Farming #British #UK #Quality #Luxury #Impermeable #Waterproof #design #classic #classy #Belstaff #Moto #motorcycle #hunter #carhartt #Jacket #veste #manteau #coat","S
SIZE INFORMATION",99,"MARMAGNE, FRANCE",28/04/2023 12:49:44,2 UTILISATEURS,search_text=barbour
Barbour Wax Bedale + Detachable Hood,"['https://images1.vinted.net/t/01_02527_mF4YToU2tHnZ6rkZMLCc7BSD/f800/1681898262.jpeg?s=9b73799338a010694534d16fff86448b4aac19c7', 'https://images1.vinted.net/t/03_01a63_qFnfq4ZijrSekJvNVu5LvvVw/f800/1681898262.jpeg?s=fc2242f19a11b7453395bf8abf3e34ff0b91483c', 'https://images1.vinted.net/t/01_0099a_y9GUCNgtsEwQcrLCQ75AUZ6i/f800/1681898262.jpeg?s=f6d0de94dcb2faba4bca4e364d759d3781df4db4', 'https://images1.vinted.net/t/03_00037_jn2mpkHmyTvo7GzvjH7gpH42/f800/1681898262.jpeg?s=090def50bf849321367fc33126b44495a7b7cba3', 'https://images1.vinted.net/t/02_00534_kxbA9W5KUe2zW5FM8xKXaoTf/f800/1681898262.jpeg?s=f6676dd8cd49c9ea92439853423fe9636c5deeb4', 'https://images1.vinted.net/t/01_02527_mF4YToU2tHnZ6rkZMLCc7BSD/f800/1681898262.jpeg?s=9b73799338a010694534d16fff86448b4aac19c7', 'https://images1.vinted.net/t/03_01a63_qFnfq4ZijrSekJvNVu5LvvVw/f800/1681898262.jpeg?s=fc2242f19a11b7453395bf8abf3e34ff0b91483c', 'https://images1.vinted.net/t/01_0099a_y9GUCNgtsEwQcrLCQ75AUZ6i/f800/1681898262.jpeg?s=f6d0de94dcb2faba4bca4e364d759d3781df4db4', 'https://images1.vinted.net/t/03_00037_jn2mpkHmyTvo7GzvjH7gpH42/f800/1681898262.jpeg?s=090def50bf849321367fc33126b44495a7b7cba3', 'https://images1.vinted.net/t/02_00534_kxbA9W5KUe2zW5FM8xKXaoTf/f800/1681898262.jpeg?s=f6676dd8cd49c9ea92439853423fe9636c5deeb4']",https://www.vinted.fr/homem/roupa/casacos-e-blusoes/gabardinas/2921462728-barbour-wax-bedale-detachable-hood,BARBOUR,"KAKI, VERT FONC√â","165,00 ‚Ç¨","Barbour

Waxed Bedale Jacket + Detachable Hood 

Professionally Re-Waxed 

Size C36 (S) 

#Barbour #International #Heritage #Country #Campagne #Chasse #Farming #British #UK #Quality #Luxury #Impermeable #Waterproof #design #classic #classy #Belstaff #hunter #carhartt #Jacket #veste #manteau #coat","S
SIZE INFORMATION",387,"MARMAGNE, FRANCE",19/04/2023 11:57:42,10 UTILISATEURS,search_text=barbour
Barbour Wax Jacket Steve McQueen,"['https://images1.vinted.net/t/01_0226b_Wpo5jeWt1NNgxyPTQKoAPZvQ/f800/1682677770.jpeg?s=d62aa941e420c50b084032fb96e6ac6f18175234', 'https://images1.vinted.net/t/03_01594_3ut88w9AihhujUZ9C83C47AR/f800/1682677770.jpeg?s=579471547b147ce2f85e2b1aca198876e61a9d9f', 'https://images1.vinted.net/t/02_0061a_H7RzRbn7aexa72EbQ91bypKq/f800/1682677770.jpeg?s=c92fb14c2ec153397a641fc5d7b8f7e3c2e33174', 'https://images1.vinted.net/t/01_01e3a_XprRhXji5tgwoZ4EyZDsHMun/f800/1682677770.jpeg?s=e3c5b19bac001acb841ba95aa105efe29b705286', 'https://images1.vinted.net/t/02_0248c_PYoLJ6r47pQAPmKX7pbV2BNv/f800/1682677770.jpeg?s=9cab1898d13026a2a5dfb7727a2594f269b69385', 'https://images1.vinted.net/t/01_0226b_Wpo5jeWt1NNgxyPTQKoAPZvQ/f800/1682677770.jpeg?s=d62aa941e420c50b084032fb96e6ac6f18175234', 'https://images1.vinted.net/t/03_01594_3ut88w9AihhujUZ9C83C47AR/f800/1682677770.jpeg?s=579471547b147ce2f85e2b1aca198876e61a9d9f', 'https://images1.vinted.net/t/02_0061a_H7RzRbn7aexa72EbQ91bypKq/f800/1682677770.jpeg?s=c92fb14c2ec153397a641fc5d7b8f7e3c2e33174', 'https://images1.vinted.net/t/01_01e3a_XprRhXji5tgwoZ4EyZDsHMun/f800/1682677770.jpeg?s=e3c5b19bac001acb841ba95aa105efe29b705286', 'https://images1.vinted.net/t/02_0248c_PYoLJ6r47pQAPmKX7pbV2BNv/f800/1682677770.jpeg?s=9cab1898d13026a2a5dfb7727a2594f269b69385']",https://www.vinted.fr/hommes/vetements/manteaux-and-vestes/vestes/perfectos-et-blousons-de-moto/2955157462-barbour-wax-jacket-steve-mcqueen,BARBOUR,"BLEU, MARINE","140,00 ‚Ç¨","Barbour X Steve McQueen 

Limited Edition

Wax Jacket with Leather Collar and Sleeve Cuffs

Immaculate condition 

USA Flag Inner & Buttons

Size M

Immaculate Condition 

#Barbour #International #Heritage #Country #Campagne #Chasse #Farming #British #UK #Quality #Luxury #Impermeable #Waterproof #design #classic #classy #Belstaff #Moto #motorcycle #hunter #carhartt #Jacket #veste #manteau #coat","M
SIZE INFORMATION",133,"MARMAGNE, FRANCE",28/04/2023 12:29:30,1 UTILISATEUR,search_text=barbour
Barbour,"['https://images1.vinted.net/t/01_0251d_Gc7fRqk9crJgGoJSXYipzQeK/f800/1682450002.jpeg?s=735068877be66b715a6dc01a1022aa5046f333a1', 'https://images1.vinted.net/t/03_01c77_S8ngVDfSSdbpxjTqug4UnoG7/f800/1682449367.jpeg?s=ce7b71cab1bd81e4ed3541aa4cfa4bf497d9bdb9', 'https://images1.vinted.net/t/03_01ac4_LFusbFzh3eps32t3F1Zpbvde/f800/1682449367.jpeg?s=35d90ce9e4d383c6b81524098344e747cf53b544', 'https://images1.vinted.net/t/03_0153f_LKQxmxzSvAWzov2v79ysLNvH/f800/1682449367.jpeg?s=492a9ef63a50b0fb68bf0ad2bb829dd547184506', 'https://images1.vinted.net/t/01_02364_VdS1aSMi2qcSL7UgpdKkTpqu/f800/1682449367.jpeg?s=a6e96b962f6f850b23dfbf577de87f17c5e92cd5', 'https://images1.vinted.net/t/01_0251d_Gc7fRqk9crJgGoJSXYipzQeK/f800/1682450002.jpeg?s=735068877be66b715a6dc01a1022aa5046f333a1', 'https://images1.vinted.net/t/03_01c77_S8ngVDfSSdbpxjTqug4UnoG7/f800/1682449367.jpeg?s=ce7b71cab1bd81e4ed3541aa4cfa4bf497d9bdb9', 'https://images1.vinted.net/t/03_01ac4_LFusbFzh3eps32t3F1Zpbvde/f800/1682449367.jpeg?s=35d90ce9e4d383c6b81524098344e747cf53b544', 'https://images1.vinted.net/t/03_0153f_LKQxmxzSvAWzov2v79ysLNvH/f800/1682449367.jpeg?s=492a9ef63a50b0fb68bf0ad2bb829dd547184506', 'https://images1.vinted.net/t/01_02364_VdS1aSMi2qcSL7UgpdKkTpqu/f800/1682449367.jpeg?s=a6e96b962f6f850b23dfbf577de87f17c5e92cd5']",https://www.vinted.fr/hommes/vetements/manteaux-and-vestes/parkas/2946745612-barbour,BARBOUR,BLEU,"175,00 ‚Ç¨",#barbourbedale#vintage#filson.barbour bedale vintage c38.adatto a una46-48 italiana.ottima ceratuta intatta originale.pari al nuovo .blu navy,"S
SIZE INFORMATION",188,"FIRENZE, ITALIE",25/04/2023 21:02:47,10 UTILISATEURS,search_text=barbour
Veste Barbour,"['https://images1.vinted.net/t/01_026b4_q3NX2phTMjprZEM3YvivYDMq/f800/1681742176.jpeg?s=4ee8616a5929daf52cfd847ae3ba6b43095d69a3', 'https://images1.vinted.net/t/01_002d9_JJavc3jDiWUx4tWeSBUBWeeY/f800/1681742176.jpeg?s=5b6b6216130e1e710287aa543415cd4fa2076374', 'https://images1.vinted.net/t/01_015d6_fLPdagmWoZMPnhzaESbcbDRE/f800/1681742176.jpeg?s=2370a131dc77598d448a4456cdda31c522f65380', 'https://images1.vinted.net/t/03_01536_9M2367byuGGUawWVuQJ2sDJE/f800/1681742176.jpeg?s=75e5a531ae7df2ff21988c18303abaa58457130b', 'https://images1.vinted.net/t/01_02182_1ja44Pq2mQ3bWpWfPSsbhaRZ/f800/1681742176.jpeg?s=956fb5ebdd0638f48cd396ecd7cef78485334af0', 'https://images1.vinted.net/t/01_026b4_q3NX2phTMjprZEM3YvivYDMq/f800/1681742176.jpeg?s=4ee8616a5929daf52cfd847ae3ba6b43095d69a3', 'https://images1.vinted.net/t/01_002d9_JJavc3jDiWUx4tWeSBUBWeeY/f800/1681742176.jpeg?s=5b6b6216130e1e710287aa543415cd4fa2076374', 'https://images1.vinted.net/t/01_015d6_fLPdagmWoZMPnhzaESbcbDRE/f800/1681742176.jpeg?s=2370a131dc77598d448a4456cdda31c522f65380', 'https://images1.vinted.net/t/03_01536_9M2367byuGGUawWVuQJ2sDJE/f800/1681742176.jpeg?s=75e5a531ae7df2ff21988c18303abaa58457130b', 'https://images1.vinted.net/t/01_02182_1ja44Pq2mQ3bWpWfPSsbhaRZ/f800/1681742176.jpeg?s=956fb5ebdd0638f48cd396ecd7cef78485334af0']",https://www.vinted.fr/hommes/vetements/manteaux-and-vestes/parkas/2915206703-veste-barbour,BARBOUR,VERT FONC√â,"140,00 ‚Ç¨",Taille S. En tres bonne etat. petit point de couture environ 2cm manche droite. Pas genant .,"S
SIZE INFORMATION",400,"PANTIN, FRANCE",17/04/2023 16:36:15,7 UTILISATEURS,search_text=barbour
Barbour Bedale Olive 38 + warm pile lining,"['https://images1.vinted.net/t/02_0242f_5Uaq5H6wnEVD98FTjREoQayT/f800/1682371664.jpeg?s=a992fe6782297e16e1d5891b806f32709dd6e668', 'https://images1.vinted.net/t/02_015f2_zbnpL9yq47udvbFH4ggZunRP/f800/1682371664.jpeg?s=b3c34de312eaa7cdafa6cfaf541e5dd1c2a07e9e', 'https://images1.vinted.net/t/02_00d90_DeWX8U7pGCNaoPH39FEM8Kdn/f800/1682371664.jpeg?s=dc1d4b1517e05f7c2bc3feac769ffa443f2f97de', 'https://images1.vinted.net/t/03_02359_rPNY5u8KdAuUWXx4qZhxnKt6/f800/1682371664.jpeg?s=cca890baff4f006e37702e64455e8731b1c7f87e', 'https://images1.vinted.net/t/02_016cb_AZHXkxkeRRQGxjcsYgcgciMM/f800/1682371664.jpeg?s=29e914dc19b295397cad1a83956d58de06345036', 'https://images1.vinted.net/t/02_0242f_5Uaq5H6wnEVD98FTjREoQayT/f800/1682371664.jpeg?s=a992fe6782297e16e1d5891b806f32709dd6e668', 'https://images1.vinted.net/t/02_015f2_zbnpL9yq47udvbFH4ggZunRP/f800/1682371664.jpeg?s=b3c34de312eaa7cdafa6cfaf541e5dd1c2a07e9e', 'https://images1.vinted.net/t/02_00d90_DeWX8U7pGCNaoPH39FEM8Kdn/f800/1682371664.jpeg?s=dc1d4b1517e05f7c2bc3feac769ffa443f2f97de', 'https://images1.vinted.net/t/03_02359_rPNY5u8KdAuUWXx4qZhxnKt6/f800/1682371664.jpeg?s=cca890baff4f006e37702e64455e8731b1c7f87e', 'https://images1.vinted.net/t/02_016cb_AZHXkxkeRRQGxjcsYgcgciMM/f800/1682371664.jpeg?s=29e914dc19b295397cad1a83956d58de06345036']",https://www.vinted.fr/uomo/vestiti/abbigliamento-da-esterno/cappotti/soprabiti-e-cappotti-lunghi/2943338149-barbour-bedale-olive-38-warm-pile-lining,BARBOUR,"VERT, KAKI","270,00 ‚Ç¨","Barbour Bedale + Warm Pile Liner

Colour: olive
Size: 38 (check measurements in the pics)
Cut: classic
Shape: 7/10 (usual wear and tears but well maintained and fixed at the adjuster, check pis)
Fabric: 100% waxed cotton (never dry cleaned) and 100% acrylic for the liner
Year: 2013

Now a bit small, interested in exchange with size 40, same combo

Warm pile lining = Fleece waistcoat = gilet","M
SIZE INFORMATION",153,"PARIS, FRANCE",24/04/2023 23:27:44,3 UTILISATEURS,search_text=barbour
Barbour Quilted Gilet / Liner,"['https://images1.vinted.net/t/02_016e0_xWSFRmCSDSZrogHCSMeYJs3a/f800/1681903923.jpeg?s=6424cc7505d8bffd2d8972a227183dad305472f5', 'https://images1.vinted.net/t/02_0078f_twmebkLvraCfhLsLCVne5JS9/f800/1681903923.jpeg?s=9259b57a9d441625090a959489f91b8982df7d87', 'https://images1.vinted.net/t/01_0014d_waQTfhhMsfSMqHKbjoyF6uNz/f800/1681903923.jpeg?s=70e27066f0df2e248c6b8c287e7b5a84ab6d6248', 'https://images1.vinted.net/t/03_0224f_MHiJtDvDTWAYqg7wnAHNeiTG/f800/1681903923.jpeg?s=ad55f841417a3124a111d8be73a5d5dd2abf83c2', 'https://images1.vinted.net/t/01_00155_gDiA72TFmc923kSe27qRDmnD/f800/1681903923.jpeg?s=67aca9a01b396c122d744add532ed391e4c8346f', 'https://images1.vinted.net/t/02_016e0_xWSFRmCSDSZrogHCSMeYJs3a/f800/1681903923.jpeg?s=6424cc7505d8bffd2d8972a227183dad305472f5', 'https://images1.vinted.net/t/02_0078f_twmebkLvraCfhLsLCVne5JS9/f800/1681903923.jpeg?s=9259b57a9d441625090a959489f91b8982df7d87', 'https://images1.vinted.net/t/01_0014d_waQTfhhMsfSMqHKbjoyF6uNz/f800/1681903923.jpeg?s=70e27066f0df2e248c6b8c287e7b5a84ab6d6248', 'https://images1.vinted.net/t/03_0224f_MHiJtDvDTWAYqg7wnAHNeiTG/f800/1681903923.jpeg?s=ad55f841417a3124a111d8be73a5d5dd2abf83c2', 'https://images1.vinted.net/t/01_00155_gDiA72TFmc923kSe27qRDmnD/f800/1681903923.jpeg?s=67aca9a01b396c122d744add532ed391e4c8346f']",https://www.vinted.fr/heren/kleding/buitenkleding/bodywarmers/2921841316-barbour-quilted-gilet-liner,BARBOUR,"KAKI, VERT FONC√â","55,00 ‚Ç¨","Barbour 

Quilted Gilet / Lining 

Size S 

#Barbour #International #Heritage #Country #Campagne #Chasse #Farming #British #UK #Quality #Luxury #Impermeable #Waterproof #design #classic #classy #Belstaff #hunter #carhartt #Jacket #veste #manteau #coat","S
SIZE INFORMATION",243,"MARMAGNE, FRANCE",19/04/2023 13:32:03,6 UTILISATEURS,search_text=barbour
Barbour vintage anni 90 taglia Media con imbottitura staccabile,"['https://images1.vinted.net/t/02_01227_TksMUGLHyKAJ415yekNGi2jV/f800/1682593119.jpeg?s=781e11036983b62538f1993e1dd125d11f8e81a2', 'https://images1.vinted.net/t/03_0006e_5RuS74FJ29fwqUtCKNg6HaWM/f800/1682593119.jpeg?s=aaebf42e0ac45608fd1cea92535ff19f30d79c66', 'https://images1.vinted.net/t/03_001e2_6wz85meS9VFiLMafvkVii1JA/f800/1682593119.jpeg?s=9b4ae7b26b4c1ba9c3c710d5e483c5134a12545e', 'https://images1.vinted.net/t/02_00777_YSLTNJJjDvMLwUZ85bZixP8N/f800/1682593119.jpeg?s=164e158770116b08f923bd2ad4815614d3e2d371', 'https://images1.vinted.net/t/02_01227_TksMUGLHyKAJ415yekNGi2jV/f800/1682593119.jpeg?s=781e11036983b62538f1993e1dd125d11f8e81a2', 'https://images1.vinted.net/t/03_0006e_5RuS74FJ29fwqUtCKNg6HaWM/f800/1682593119.jpeg?s=aaebf42e0ac45608fd1cea92535ff19f30d79c66', 'https://images1.vinted.net/t/03_001e2_6wz85meS9VFiLMafvkVii1JA/f800/1682593119.jpeg?s=9b4ae7b26b4c1ba9c3c710d5e483c5134a12545e', 'https://images1.vinted.net/t/02_00777_YSLTNJJjDvMLwUZ85bZixP8N/f800/1682593119.jpeg?s=164e158770116b08f923bd2ad4815614d3e2d371']",https://www.vinted.fr/uomo/vestiti/abbigliamento-da-esterno/giacche/giacche-militari-e-field-jacket/2951913765-barbour-vintage-anni-90-taglia-media-con-imbottitura-staccabile,BARBOUR,VERT FONC√â,"90,00 ‚Ç¨",Barbour verde vintage anni 90 con imbottitura staccabile Taglia Media,"M
SIZE INFORMATION",154,"FIRENZE, ITALIE",27/04/2023 12:58:39,2 UTILISATEURS,search_text=barbour
Barbour spey jacket,"['https://images1.vinted.net/t/02_01ded_usdk7fLttzJ5iSmLTW1FJzAz/f800/1682515531.jpeg?s=8d9f40fc754244fef36a4fbb506a14031ae36b46', 'https://images1.vinted.net/t/02_01a96_cBHHEG3rkpV32RUr1y2ML2QG/f800/1682515532.jpeg?s=9045d4be49d0c0bf36bb80c8a705b68965d76d91', 'https://images1.vinted.net/t/02_01b96_Fo7YePdG6nVoTFjhedn6w4S8/f800/1682515532.jpeg?s=7088ae1692176c8099d10daf664306ffe31f76c8', 'https://images1.vinted.net/t/01_009d0_d2S2VMYYG1P4sNayPs87dyJE/f800/1682515532.jpeg?s=c32c6fa4c8e6efa5a9e6ddc5dda1b61e08d13221', 'https://images1.vinted.net/t/03_0215c_Kbtr7faoS2YuTybsyUfh4qgj/f800/1682515532.jpeg?s=60cf43ae5ffd9c015d8ebcc103ccb9c218ecb7a8', 'https://images1.vinted.net/t/02_01ded_usdk7fLttzJ5iSmLTW1FJzAz/f800/1682515531.jpeg?s=8d9f40fc754244fef36a4fbb506a14031ae36b46', 'https://images1.vinted.net/t/02_01a96_cBHHEG3rkpV32RUr1y2ML2QG/f800/1682515532.jpeg?s=9045d4be49d0c0bf36bb80c8a705b68965d76d91', 'https://images1.vinted.net/t/02_01b96_Fo7YePdG6nVoTFjhedn6w4S8/f800/1682515532.jpeg?s=7088ae1692176c8099d10daf664306ffe31f76c8', 'https://images1.vinted.net/t/01_009d0_d2S2VMYYG1P4sNayPs87dyJE/f800/1682515532.jpeg?s=c32c6fa4c8e6efa5a9e6ddc5dda1b61e08d13221', 'https://images1.vinted.net/t/03_0215c_Kbtr7faoS2YuTybsyUfh4qgj/f800/1682515532.jpeg?s=60cf43ae5ffd9c015d8ebcc103ccb9c218ecb7a8']",https://www.vinted.fr/hommes/vetements/manteaux-and-vestes/vestes/vestes-harrington-1226/2948968572-barbour-spey-jacket,BARBOUR,"BLEU, MARINE","350,00 ‚Ç¨","Veste de p√™cheur Barbour, mod√®le spey, boxy fit.
√âdition japonaise difficilement trouvable en Europe.
Taille small.","S
SIZE INFORMATION",220,"PARIS, FRANCE",26/04/2023 15:25:31,7 UTILISATEURS,search_text=barbour
Manteau Barbour bleu marine homme,"['https://images1.vinted.net/t/01_007a5_qRiakDyu5RoRsjguu8AZSsbm/f800/1682437485.jpeg?s=8dd8537b9465532dfcc28b2c5967642640dd99ef', 'https://images1.vinted.net/t/02_00904_eXXgJKdLKdSDLgxevhNp7UWt/f800/1682437485.jpeg?s=36609daf98bc79cd065953b77042e53ad3afc1d1', 'https://images1.vinted.net/t/01_001b5_Ec98nqLFUWG6nQTMiNcAVMjm/f800/1682437485.jpeg?s=d380ae2caaa8ed57c7042e59e391698c03e3e58a', 'https://images1.vinted.net/t/02_00347_RURWLxxegKiheNiVSMZ9ufbS/f800/1682437485.jpeg?s=0cb6436c7cf35e7ee614074f441a414443f1894d', 'https://images1.vinted.net/t/01_007a5_qRiakDyu5RoRsjguu8AZSsbm/f800/1682437485.jpeg?s=8dd8537b9465532dfcc28b2c5967642640dd99ef', 'https://images1.vinted.net/t/02_00904_eXXgJKdLKdSDLgxevhNp7UWt/f800/1682437485.jpeg?s=36609daf98bc79cd065953b77042e53ad3afc1d1', 'https://images1.vinted.net/t/01_001b5_Ec98nqLFUWG6nQTMiNcAVMjm/f800/1682437485.jpeg?s=d380ae2caaa8ed57c7042e59e391698c03e3e58a', 'https://images1.vinted.net/t/02_00347_RURWLxxegKiheNiVSMZ9ufbS/f800/1682437485.jpeg?s=0cb6436c7cf35e7ee614074f441a414443f1894d']",https://www.vinted.fr/hommes/vetements/manteaux-and-vestes/impermeables/2945812022-manteau-barbour-bleu-marine-homme,BARBOUR,"BLEU, MARINE","100,00 ‚Ç¨","Port√© tr√®s peu, taille S, Achet√© √† 250‚Ç¨","S
SIZE INFORMATION",90,"BORDEAUX, FRANCE",25/04/2023 17:44:45,2 UTILISATEURS,search_text=barbour
Giacca London GAME vintage,"['https://images1.vinted.net/t/02_01874_Pyze6qBrQPShfJMRjsdN2KkU/f800/1676819497.jpeg?s=0d3fd3fd3071aa5af10a4de6439099582487971b', 'https://images1.vinted.net/t/03_00e7f_6sEjE3twrfZZ8D675nXj5b5z/f800/1676819497.jpeg?s=85266e5456da04ce6fa3a3669a8d929b7fc83033', 'https://images1.vinted.net/t/01_0218f_vgMYqhwPJbqLKsSYgznbHv5a/f800/1676819497.jpeg?s=85d7c6a3afff056470e85ee359cd9418b68fabbc', 'https://images1.vinted.net/t/01_00edf_CXLS4PsSYo67snPcwDNVE3mM/f800/1676819497.jpeg?s=3f18d753aef5e7cdb5ff7cb9935f98ae316b2af2', 'https://images1.vinted.net/t/02_00e27_yVQNSu4r7r54fGmPXZr2SVnq/f800/1676819497.jpeg?s=54963ac90c4746899c26766225bc1d662edad64a', 'https://images1.vinted.net/t/02_01874_Pyze6qBrQPShfJMRjsdN2KkU/f800/1676819497.jpeg?s=0d3fd3fd3071aa5af10a4de6439099582487971b', 'https://images1.vinted.net/t/03_00e7f_6sEjE3twrfZZ8D675nXj5b5z/f800/1676819497.jpeg?s=85266e5456da04ce6fa3a3669a8d929b7fc83033', 'https://images1.vinted.net/t/01_0218f_vgMYqhwPJbqLKsSYgznbHv5a/f800/1676819497.jpeg?s=85d7c6a3afff056470e85ee359cd9418b68fabbc', 'https://images1.vinted.net/t/01_00edf_CXLS4PsSYo67snPcwDNVE3mM/f800/1676819497.jpeg?s=3f18d753aef5e7cdb5ff7cb9935f98ae316b2af2', 'https://images1.vinted.net/t/02_00e27_yVQNSu4r7r54fGmPXZr2SVnq/f800/1676819497.jpeg?s=54963ac90c4746899c26766225bc1d662edad64a']",https://www.vinted.fr/uomo/vestiti/cappotti-e-giacche/parka/2707312711-giacca-london-game-vintage,BARBOUR,VERT FONC√â,"60,00 ‚Ç¨","Vendo bellissima giacca verde comprata a Londra della marca Game, tessuto tecnico, anti pioggia con cappuccio rimovibile. Articolo per intenditori Made in England","M
SIZE INFORMATION",151,"POTENZA, ITALIE",19/02/2023 16:11:37,4 UTILISATEURS,search_text=barbour
Barbour,"['https://images1.vinted.net/t/03_02476_ZFApmoVTrgYJLVtGMwdMzV2z/f800/1678126572.jpeg?s=4d7c35129defef228f1e8557409ff8ca8a6f82f7', 'https://images1.vinted.net/t/02_0264e_8rcE8YZmCEKCyyEVLkXJNY2W/f800/1678126572.jpeg?s=d59294fea91b9378fd3922fdcf47d0bbe2250fb3', 'https://images1.vinted.net/t/01_01868_3mtjwwx6wBeAaQVETkbEUNrz/f800/1678126572.jpeg?s=c181b930a52b85123c890d0b2f33ef7c351fd4bd', 'https://images1.vinted.net/t/02_01e60_811LxjbENFVESotvtYRnDgJb/f800/1678126572.jpeg?s=5c05ddfa3cf23ed41fa1ce65ff88f1d889229cbe', 'https://images1.vinted.net/t/03_006ef_PrxKDPCy8MpumoqgP6qkQCXY/f800/1678126572.jpeg?s=10c9fd116b2f4dbdf665471666eca7bbddabc05a', 'https://images1.vinted.net/t/03_02476_ZFApmoVTrgYJLVtGMwdMzV2z/f800/1678126572.jpeg?s=4d7c35129defef228f1e8557409ff8ca8a6f82f7', 'https://images1.vinted.net/t/02_0264e_8rcE8YZmCEKCyyEVLkXJNY2W/f800/1678126572.jpeg?s=d59294fea91b9378fd3922fdcf47d0bbe2250fb3', 'https://images1.vinted.net/t/01_01868_3mtjwwx6wBeAaQVETkbEUNrz/f800/1678126572.jpeg?s=c181b930a52b85123c890d0b2f33ef7c351fd4bd', 'https://images1.vinted.net/t/02_01e60_811LxjbENFVESotvtYRnDgJb/f800/1678126572.jpeg?s=5c05ddfa3cf23ed41fa1ce65ff88f1d889229cbe', 'https://images1.vinted.net/t/03_006ef_PrxKDPCy8MpumoqgP6qkQCXY/f800/1678126572.jpeg?s=10c9fd116b2f4dbdf665471666eca7bbddabc05a']",https://www.vinted.fr/uomo/vestiti/abbigliamento-da-esterno/gilet/2760472494-barbour,BARBOUR,VERT FONC√â,"65,00 ‚Ç¨",Barbour gilet taglia C44/112CM,"M
SIZE INFORMATION",567,"MADDALONI, ITALIE",06/03/2023 19:16:12,12 UTILISATEURS,search_text=barbour
